https://www.alharamain.gov.sa/AudioDir2/95319.mp3,"بسم الله الرحمن الرحيم
الحمد لله رب العالمين
أحمده سبحانه وتعالى
بمحامده الذي
هو لها أهل
هو اثني عليه الخير
كله لا أحصي ثناء
عليه هو كما أثنى
على نفسه حمدا
كثيرا طيبا مباركا
فيه كما يحب
ربنا ويرضى ملأ
سماواته وملأ
أرضه وملأ ما شاء
من شيء بعد
أحمده على نعمه الكثير
والائه الوفيرة
وعطاياه الجمة
له الحمد كله
وله الفضل كله
وإليه يرجع الأمر كله
وأشهد أن لا إله إلا الله
وحده لا شريك له
إله الأولين والآخرين
وقيوم السماوات والأراضين
وخالق الخلق
أجمعين
وأشهد أن محمدا عبده
ورسوله وصفيه
وخليله وآمينه
على وحيه
ومبلغ الناس شرعة
فصلوات الله وسلامه
عليه وعلى آله
وأصحابه أجمعين
أما بعد
فإن الحديث عن ذكر الله
عز وجل حديث
يتعلق بأهم الأمور
وأعظمها وأجلها
وأولاها بالعناية
والاهتمام
إذ هو يتعلق بذكر الله العظيم
ذكري رب السماوات والأرض
رب العالمين
ذكري خالق الخلق
وبارئ البرية
وموجد الناس أجمعين
ذكر القائل
سبحانه
هو الله الذي لا إله إلا هو
عالم الغيب والشهادة
هو الرحمن الرحيم
هو الله الذي لا إله إلا هو
الملك القدوس السلام
المؤمن المهيم
المؤمن المهيم
العزيز الجبار المتكبر
سبحان الله عما
يشركون
هو الله الخالق البارئ المصور
له الأسماء
الحسنى يسبح له
ما في السماوات والأرض
وهو العزيز الحكيم
إن ذكر الله جل وعلا
هو خير
ما عمرت به الأوقات
وانفقت فيه الأنفاس
وانضيت فيه
الساعات
بذكر الله جل وعلا
تطمئن قلوب المؤمنين
وتسكن نفوسهم
ويعظم يقينهم
ويزداد إيمانهم
وتقوى صلتهم
بربهم
وهو عنوان السعادة
وسبيل الفلاح في الدنيا والآخرة
بل إن كل
خير وسعادة
وأنس وراحة
وطمأنينة في الدنيا والآخرة
متوقف على تحقيق
بل إن الشرائع كلها
والطاعات جميعها
إنما شرعت
لإقامة ذكر الله عز وجل
فما شرع الله عز وجل
العباده
الصلاة والصيام
والحجة
وغير ذلك من الطاعات
إلا لإقامة ذكر الله
ولهذا ثبت
في الحديث
عن رسول الله صلى الله عليه وسلم
أن رجلا سأله
أي الصائمين
أعظم أجرا
قال أكثرهم لله
ذكرا
ثم ذكر الصلاة والزكاة
والحجة والصدقة
كل ذلك رسول الله
صلى الله عليه وسلم يقول
أكثرهم لله
ذكرا
فقال أبو بكر العمر
يا أبا حفص
ذهب الذاكرون بكل خير
قال رسول الله صلى الله عليه وسلم
أجل
رواه أحمد
فالذاكرون
هم الحقيقون بالأجور
العظيمة والدرجات
الرفيعة والمنازل
العالية في الجنة
لأن ذكر الله
هو روح القلوب وحياتها
وسبب
زكاتها وقوتها
ويترتب عليه
من الأجور العظيمة
ومن الأجرات العميمة في الدنيا والآخرة
ما لا يحصي
عده إلا الله
جل وعلا
وفي الحديث عن نبينا صلى الله عليه وسلم
قال
لا يزال لسانك رطبا
من ذكر الله
خرجه الإمام أحمد وغيره
وله سبب
وهو أن رجلا
كما قال عبدالله
ابن بسر رضي الله عنه
راوي الحديث
أت النبي عليه الصلاة والسلام
وقال له يا رسول الله
إن شرائع الإسلام
قد كثرت علي
فأخبرني بشيء
أتشبث به
وفي لفظ إن شرائع
الإسلام قد كثرت علينا
فباب نتمسك به
جامع
هكذا طلب من النبي
عليه الصلاة والسلام
قال شرائع
الإسلام قد كثرت
أي تعددت علي
فأريد بابا من الخير
جامعا أتمسك به
فقال عليه الصلاة والسلام
لا يزال لسانك رطبا
من ذكر الله
فهذا السائل
كان يريد بابا
جامعا من الخير
يتمسك به
فأرشده النبي
صلى الله عليه وسلم
الناصح الأمين
إلى ذكر الله جل وعلا
وفي هذا الوقت
تأمل أخي الكريم
توجيه النبي عليه الصلاة والسلام
لهذا الذي كثرت
عليه
شرائع الإسلام
وتعددت وتنوعت
فأراد أمر جامعا
يتمسك به
تتحقق به سعادته
يحصل به
خير الدنيا والآخرة
فأرشده
صلى الله عليه وسلم
لأنه من أيسر الأعمال مؤنة
وأخفها
تطبيقا
ويترتب عليه من الأجور
العظيمة والخيرات الكثيرة
ما لا يترتب على سوى
لأن
الذكر وإن كثر
وتعدد
فهو من أخف الأعمال وأيسرها
ولا يتطلب
من صاحبه مجهودا كبيرا
لأن حركة
اللسان بذكر الرحمن
لا تشق على الإنسان
ولا تكلفه
ولا يحصل له بسببها
تعب وجهد
بل يحصل له بذلك
الطمأنينة والراحة
وسكون القلب
ويتحقق له بذلك
الفلاح والسعادة
وعمل اللسان
عندما يقارن
بأعمال الجوارح كالصلاة
والمشي إلى المساجد
والوضوع والحج
والصيام وغير ذلك
نجد أن
هذه الأعمال
ربما يكون فيها
شيء من المشقة
وقد تكون أيضا
المشقة نسبية
من شخص آخر
أما ذكر الله جل وعلا
فلنناس كلهم
الصغير والكبير
والصحيح والمريض والذكر
والأنثى لا يكلف
أحدا شيئا
ولكن لا يمكن
العبد أن يحرك
لسانه بهذا الخير
مسبحا لله
حامدا له
ذاكرا مثليا عليه
دون أن يحصل له
مشقة وتعب
وينال أجورا عظيمة
وخيرات وفيرة في الدنيا والآخرة
لا يحصيها
إلا الله سبحانه وتعالى
ولهذا قال عليه الصلاة والسلام
كما في الصحيحين
كلمتاني خفيفتاني
على اللسان
أول ما بدأ في هذا الحديث
أرشد إلى هذا
خفت الذكر على
اللسان ويسره
وسهولته وأنه لا يكلف
صاحبه تعبا أو مشقة
وماذا أيضا
قال ثقيلتان
في الميزان حبيبتان
إلى الرحمن
فالذكر
حبيب إلى الله
وميزنه ثقيل عنده
ثم ذكر
الكلمتين
سبحان الله وبحمده
سبحان الله العظيم
فذكر الله
خفيف على لسان من
أعانه الله وأمده
تبارك وتعالى بتوفيقه
أما من
خذ له الله والعياد بالله
فإن ذكر الله
يشق عليه ويصعب
ولا يستطيع أن يذكر
فل يجد في ذلك
مشقة وتعب
وربما تبرم
وحصل له ملل وسآمة
من الذكر وهذا من
علامة الخذلان
ودليل الحرمان
ذكر الله جل وعلا باب
جامع للخير ينبغي
على كل مسلم أن يتمسك به
وأن يتشبث به
وأن يكون من أهله
وكم في نصوص
الكتاب والسنة
ومع النصوص في الحث
على الذكر وتفضيله
وبيان عظيم أجره
وما أعده الله تبارك وتعالى
للذاكرين
وما يترتب على الذكر
من الفوائد العظيمة
والثمرات الكريمة
والخيرات الجزيلة في الدنيا والآخرة
مما يدل
على عظم شأن
هذه الطاعة
وجلالة قدرها
ورفيع مكانتها
والمعنى
والمعنى
والمعنى
والمعنى
والمعنى
والمعنى
والمعنى
والمعنى
والمعنى
والمعنى
والمعنى
والمعنى
والمعنى
والمعنى
والمعنى
والمعنى
والمعنى
والمعنى
والمعنى
والمعنى
والمعنى
والمعنى
والمعنى
والمعنى
والمعنى
والمعنى
والمعنى
والمعنى
ونحن نحن نحن نحن نحن نحن نحن نحن نحن نحن نحن نحن نحن نحن نحن نحن نحن نحن نحن نحن نحن نحن نحن نحن نحن نحن نحن نحن نحن نحن نحن نحن نحن نحن نحن نحن نحن نحن نحن نحن نحن نحن نحن نحن نحن نحن نحن نحن نحن نحن نحن نحن نحن نحن نحن نحن نحن نحن نحن نحن نحن نحن نحن نحن نحن نحن نحن نحن نحن نحن نحن نحن نحن ن
نحن نحن نحن نحن نحن نحن نحن نحن نحن نحن نحن نحن نحن نحن نحن نحن نحن نحن نحن نحن نحن نحن نحن نحن نحن نحن نحن نحن نحن نحن نحن نحن نحن نحن نحن نحن نحن نحن نحن نحن نحن نحن نحن نحن نحن نحن نحن نحن نحن نحن نحن نحن نحن نحن نحن نحن نحن نحن نحن نحن نحن نحن نحن نحن نحن نحن نحن نحن نحن نحن نحن نحن نحن نح
نحن نحن نحن نحن نحن نحن نحن نحن نحن نحن نحن نحن نحن نحن نحن نحن نحن نحن نحن نحن نحن نحن نحن نحن نحن نحن نحن نحن نحن نحن نحن نحن نحن نحن نحن نحن نحن نحن نحن نحن نحن نحن نحن نحن نحن نحن نحن نحن نحن نحن نحن نحن نحن نحن نحن نحن نحن نحن نحن نحن نحن نحن نحن نحن نحن نحن نحن نحن نحن نحن نحن نحن نحن نح
نحن نحن نحن نحن نحن نحن نحن نحن نحن نحن نحن نحن نحن نحن نحن نحن نحن نحن نحن نحن نحن نحن نحن نحن نحن نحن نحن نحن نحن نحن نحن نحن نحن نحن نحن نحن نحن نحن نحن نحن نحن نحن نحن نحن نحن نحن نحن نحن نحن نحن نحن نحن نحن نحن نحن نحن نحن نحن نحن نحن نحن نحن نحن نحن نحن نحن نحن نحن نحن نحن نحن نحن نحن نح
فمرة من ثمار الذكر فالذاكرون الله هم أهل القلوب المطمئنة السعيدة التي ملئت بالأنس والراحة في أحوالهم كلها في عسرهم ويسرهم وشدتهم ورخائهم وغناهم وفقرهم وصحتهم ومرضهم لا ينتابهم القلق والضجر بل قلوبهم مطمئنة ساكنة مرتاحة في أحوالهم كلها
ولهذا قال عليه الصلاة والسلام متعجبا عجبا لأمر المؤمن إن أمره كله خير وليس ذاك لأحد إلا للمؤمن إن أصابته سراء شكر فكان خيرا له وإن أصابته ضراء صبر فكان خيرا له رواه مسلم
فالمؤمن في طمأنينة مستمرة مطمئن القلب مرتاح البال منشرح الصدر مليئا بالأنس وهذا كله إنما حصل له بمواضبته على ذكر الله واستمراره على ذلك
الذين آمنوا وتطمئنوا قلوبهم بذكر الله ألا بذكر الله تطمئنوا القلوب
تطمئنوا قلوبهم بذكر الله لا بذكر أمر آخر فيزول عنها قلقها والطرابها وتحضرها أفراحها ولداتها
ألا بذكر الله تطمئن القلوب أي حقيق بها وحري ألا تطمئن لشيء سوى ذكره فإنه لا شيء ألذ للقلوب ولا أشهى ولا أحلى من محبتها لخالقها والأنس به ومعرفته وعلى قدر معرفتها بالله ومحبتها له يكون ذكرها له
هذا وللحديث صلة عن فوائد الذكر وآثاره وثماره ونسأل الله عز وجل أن يوفقنا أجمعين لكل خير وأن يصلح لنا شأننا كله إنه سميع قريب مجيب
وصلى الله وسلم على عبده ورسوله نبينا محمد وآله وصحبه أجمعين والسلام عليكم ورحمة الله وبركاته
"
https://www.alharamain.gov.sa/AudioDir2/95321.mp3,"بسم الله الرحمن الرحيم الحمد لله رب العالمين وأشهد أن لا إله إلا الله وحده لا شريك له وأشهد أن محمداً عبده ورسوله صلى الله وسلم عليه وعلى آله وصحبه أجمعاً
أما بعد فمن فوائد الذكر العظيمة أنه حياة القلوب الحياة الحقيقية وبدونه يموت القلب ولهذا ثبت في صحيح البخاري عن النبي صلى الله عليه وسلم أنه قال
مثل الذي يذكر ربه والذي لا يذكر ربه مثل الحي والميت
ولفظه عند مسلم مثل البيت الذي يذكر فيه الله والبيت الذي لا يذكر الله فيه مثل الحي والميت
فجعل عليه الصلاة والسلام الذاكر لله مثله مثل الحي وبيت الذاكرين مثل بيوت الأحياء
وجعل عليه الصلاة والسلام مثل الذي لا يذكر الله كمثل الميت وبيوت الذين لا يذكرون الله كبيوت الأموات وهي المقابر
ولهذا قال في حديث آخر لا تجعلوا بيوتكم مقابر رواه مسلم من حديث أبي هريرة رضي الله عنه
أي اذكروا الله في بيوتكم وأقيموا فيها الصلاة وتلو كلام الله لأن البيت إذا لم يتلى فيه كلام الله ولم يذكر فيه سبحانه ولم تقن فيه الصلاة يكون مثل المقبرة التي هي بيت الأموات
ولهذا حث عليه الصلاة والسلام على صلاة النافلة في البيت فقال إن أفضل الصلاة صلاة المر في بيته إلا المكتوبة رواه البخاري من حديث زيد بن ثابت رضي الله عنه
لأن لا يكون البيت مقبرة لأن البيت الذي لا يذكر فيه الله جل وعلا ولا يصلى فيه مثله كمثل المقبرة بيت الأموات
بل يصبح خرابا لا يرد إليه ولا يدخله إلا الشياطين أما الملائكة لا تدخله وإنما تتوارد عليه الشياطين ويكون مأوى لها فيذهب الخير من البيت ويكثر فيه الشر وتتوالى عليه المشاكل وتكثر فيه المصائب ويقع فيه أنواع من الفساد
والله جل وعلا يقول ومن يعش عن ذكر الرحمن نقيض له شيطانا فهو له قرين وإنهم لا يصدونهم عن السبيل ويحسبون أنهم مهتدون
ولهذا يجب على أهل البيوت المؤمنة أن ينصحوا لأنفسهم وليبيوتهم فيعمروها بذكر الله عز وجل بتلاوة القرآن وبإقامة الصلاة وكثرة ذكر الله وفعل الخيرات حتى تكون بيوتهم من بيوت الأحياء وحتى يكون هم من الأحياء
فذكر الله جل وعلا هو حياة القلوب حقيقة وبدونه يموت القلب
وقد نقل ابن القيم رحمه الله عن شيخه شيخ الإسلام ابن تيمية رحمه الله تشبيها عجيبا للذكر ولحال القلب مع ذكر الله حيث قال الذكر للقلب مثل الماء للسمك
فكيف يكون حال السمك إذا فارق الماء ومعلوم أن السمك إذا فارق الماء للاحظات يموت والقلب إذا أبعد عن الذكر ولم يعمر به يموت
فلا تحصل له الحياة إلا بذكر الله ولهذا قال الله سبحانه يا أيها الذين آمنوا استجيبوا لله وللرسول إذا دعاكم لما يحييكم
وسمى تبارك وتعالى في مواطن عديدة من القرآن الوحيى روحا كقوله أتى أمر الله فلا تستعجلوه سبحانه وتعالى عما يشركون ينزل الملائكة بالروح من أمره على من يشاء من عباده
وقال تعالى وكذلك أوحينا إليك روحا من أمرنا ما كنت تدري ما الكتاب ولا الإيمان ولكن جعلناه نورا نهدي به من نشاء من عبادنا
وسمى الله تبارك وتعالى من ينزل بالوحي وهو جبريل روحا قال عز وجل نزل به الروح الأمين على قلبك لتكون من المنذرين بلسان عربي مبين
فجبريل عليه السلام الذي ينزل بالوحي روح والوحي نفسه روح لأن حياة القلوب لا تكون إلا بالوحي وذكر الله تبارك وتعالى وبدونه تموت وتقصو وتظلم وتعمر بالشر والفساد
بينما إذا عمرت بذكر الله تنام فيها الخير وتزايد فيها الصلاح وعمت فيها البركة
ومن فوائد الذكري أنه يطرد الشيطان ويبعده عن العبد فيكون في حصن حصين وحرز مكين لا يجد الشيطان إليه سبيلا
وعلى ذلك جاء في الحديث الذي خرجه الإمام أحمد في المسند وغيره بإسناد صحيح عن النبي صلى الله عليه وسلم أنه قال
إن الله عز وجل أمر يحيا ابن زكريا عليهما السلام بخمس كلمات أن يعمل بهن وأن يأمر بني إسرائيل أن يعملوا بهن
وفي الحديث أن زكريا قال لقومه إن ربي أمرني بخمس كلمات وأمرني أن أمركم بهن
ثم ذكر الأمر بالتوحيد أولا ثم الأمر بالصلاة ثم الأمر بالصيام ثم الأمر بالصدقة ثم ذكر الأمر الخامس وهو الأمر بذكر الله
فقال وأمركم بذكر الله عز وجل كثيرا وإن مثل ذلك كمثل رجل طلبه العدو صراعا في أثره أي لحقه العدو لقتله والبطش به
فأتى حصنا حصينا فتحصن فيه وإن العبد أحصن ما يكون من الشيطان إذا كان في ذكر الله عز وجل
فالذي يذكر الله في حصن حصين وحرز مكين لا يصل إليه الشيطان ولا يخلص إليه أبدا
قال الله تعالى قل أعوذ برب الناس ملك الناس إله الناس من شر الوسواس الخناس الذي وسوس في صدور الناس من الجنة والناس الوسواس الخناس هذه صفة الشيطان الوسواس الخناس
يقول ابن عباس رضي الله عنهما في معنى هاتين الكلمتين قال الشيطان جاثم على قلب ابن آدم فإذا سهى وغفل وسوس وإذا ذكر الله خنس رواه الطبر في تفسيره
إذا ذكر العبد ربه خنس الشيطان وتصاغر وأصبح كالدباب كما في الحديث ولكن قل بسم الله فإنك إذا قلت ذلك تصاغر حتى يكون مثل الدباب بل يولي عن الذاكر وينفر منه
ولهذا جاء في الحديث إذا نودي للصلاة أدبر الشيطان وله ضراط متفق عليه وأيضا جاء في الحديث لا تجعل بيوتكم مخابر إن الشيطان ينفر من البيت الذي تقرأ فيه سورة البقرة
فلا يطيق الشيطان سمع ذكر الله بل يؤذيه الذكر وينفره ويبتعد تماما من المكان الذي فيه ذكر لله جل وعلا
في الذاكر في حصن حصين وحرز مكين يحميه بإذن الله تبارك وتعالى من الشيطان الرجيم
أما إذا غفل المرع عن ذكر الله توالت عليه الشياطين ودفعته للباطل وأزته للمعصية أزة كما تقدم في قول الله عز وجل ومن يعش عن ذكر الرحمن نقيد له شيطان فهو له قرين أي ملازم لا ينفك عنه
ومفهوم المخالفة للآية أنه إذا ذكر الله جل وعلا ابتعد عنه الشيطان فالذكر حصن من الشيطان الرجيم
ولهذا أحسن صنعا من سمى من أهل العلم كتابه في الذكر الحصن الحصين أو حصن المسلم أو نحو ذلك
وهذا اسم صادق على مسمى فالذكر هو الحصن الحصين وهو حصن المسلم وهو الحرز الذي يحفظ به المسلم بإذن الله تبارك وتعالى
ولا يجد الشيطان سبيلا إلى من كان ذاكرا لله في الأوقات كلها وفي كل شيء
إذا ذكرت الله عز وجل على الطعام ابتعد الشيطان وإذا ذكرته عند دخولك إلى البيت ابتعد الشيطان
وهكذا في كل أمر تذكر الله جل وعلا عليه لا يكون للشيطان إليك فيه سبيل وتكون في حفظ من وساوس الشيطان وكيده وشروره وهمزه ونفخه ونفثه
فهذه فائدة عظيمة وجليلة من فوائد الذكر بل قال ابن القيم رحمه الله فلو لم يكن في الذكر إلا هذه الخصلة الواحدة لكان حقيقا بالعبد ألا يفتر لسانه من ذكر الله
وأن لا يزال لهجا بذكر الله فإنه لا يحرز نفسه من عدوه إلا بالذكر ولا يدخل عليه العدو إلا من باب الغفلة فهو يرصده فإذا غفل وثب عليه وفترشه
وإذا ذكر الله تعالى إن خنس عدو الله وتصاغر وانقمع ومن فوائد الذكر أنه يذهب قسوة القلب فالقلب يقسه بسبب الذنوب والتفريط في طاعة الله ونحو ذلك
وليس هناك شيء يذيب قسوة القلب مثل ذكر الله جل وعلا وليس هناك شيء يجلب القسوة للقلب مثل الغفلة عن ذكر الله
قال الله تعالى ألم يأنل الذين آمنوا أن تخشع قلوبهم لذكر الله وما نزل من الحق ولا يكون كالذين أوتوا الكتاب من قبل فطال عليهم الأمد فقست قلوبهم وكثير منهم فاسكون
فقسوة القلب سببها كما يدل عليه سياق الآية الكريمة هو طول الأمد بالبعد عن الذكر وعن القيام بأمر الله فإذا حصل هذا البعد حصلت القسوة
ولا تزول هذه القسوة إلا بالعودة إلى ذكر الله والرجوع إلى الله سبحانه وتعالى
ولهذا قال في الآية التي تليها اعلموا أن الله يحيي الأرض بعد موتها قد بينا لكم الآيات لعلكم تعقلون
أي فكما أنه سبحانه وتعالى يحيي الأرض بعد موتها بالماء والمطر فإنه يحيي تبارك وتعالى القلوب الميت بالوحي والذكر لله
فإذا ذكر الإنسان ربه حي قلبه وذهبت عنه القسوة
ولهذا يؤثر أن رجلا أتى إلى الإمام الحسن البصري رحمه الله وقال له يا أبا سعيد أشكوا إليك قسوة قلبي
قال أذبه بذكر الله أي أذب هذه القسوة التي في قلبك بالإكثار من ذكر الله تبارك وتعالى
فذكر الله جل وعلا يذهب القسوة التي تقع في القلوب فتتبدل إلى لين وسكون وطمأنين
قال ابن القيم رحمه الله وهذا لأن القلب كلما اشتدت به الغفلة اشتدت به القسوة فإذا ذكر الله تعالى ذابت تلك القسوة كما يذوب الرصاص في النار
فما أذيبت قسوة القلوب بمثل ذكر الله عز وجل والمفاسد والأضرار المتولدة عن إضاعة الذكر كثيرة
قال ابن القيم رحمه الله قلة التوفيق وفساد الرأي وخفاء الحق وفساد القلب وخمول الذكر وإضاعة الوقت
ونفرة الخلق والوحش بين العبد وبين ربه ومنع إجابة الدعاء وقسوة القلب ومحو البركة في الرزق والعمر وحرمان العلم
ولباس الضل وإهانته العدو وضيقه الصدر والابتلاء بقرناء السوء الذين يفسدون القلب ويضيعون الوقت
وطول الهم والغم وظنك المعيشة وكسف البال تتولد من المعصية والغفلة عن ذكر الله
كما يتولد الزرع عن الماء والإحراق عن النار
وأضداد هذه تتولد عن الطاعة هذا ونسأل الله عز وجل أن يوفقنا أجمعين لكل خير وأن يصلح لنا شأننا كله
وأن لا يكلنا إلى أنفسنا طرفة عين إنه سميع قريب مجيب وصلى الله عليه وسلم على عبده ورسوله نبينا محمد وآله وصحبه أجمعين
والسلام عليكم ورحمة الله وبركاته
"
https://www.alharamain.gov.sa/AudioDir2/95322.mp3,"بسم الله الرحمن الرحيم الحمد لله رب العالمين وأشهد أن لا إله إلا الله وحده لا شريك له وأشهد أن محمداً عبده ورسوله صلى الله وسلم عليه وعلى آله وصحبه أجمعين.
أما بعد فمن فوائد الذكر العظيمة أنه يكسب العبد ثمرة جليلة ومنزلة رفيعة وهي أنه إذا ذكر الله ذكره الله سبحانه وتعالى لأن الجزاء من جنس العمل.
والله تعالى يقول هل جزاء الإحسان إلا الإحسان فمن ذكر الله ذكره الله ومن نسي الله نسيه الله نسوا الله فنسيهم.
جزاء وفاقة ثم كان عاقبة الذين أساء السوء فالجزاء من جنس العمل من يذكر الله يذكره الله تبارك وتعالى قال الله عز وجل فاذكروني أذكركم.
وفي الحديث يقول رسول الله صلى الله عليه وسلم فيما يرويه عن ربه تبارك وتعالى أنه قال فإن ذكرني في نفسه ذكرته في نفسي وإن ذكرني في ملئٍ ذكرته في ملئٍ خير منهم متفق عليه.
قال ابن القي رحمه الله ولو لم يكن في الذكر إلا هذه وحدها لكفى به فضلاً وشرفا.
فأي ثوابٍ أعظم وأي منزلةٍ أجل وأرفع من أن تنال أيها العبد ذكر الله تبارك وتعالى لك في الملئ الأعلى يذكرك جل وعلا وهو غني عنك وأنت محتاجٌ إليه مفتقرٌ إليه.
يذكرك سبحانه وتعالى في الملئ الأعلى وهو لا ينتفع بذكرك له فذكرك له سبحانه لا يزيد ملكة وتركك لذكره لا ينقص ملكة.
ولهذا قال تبارك وتعالى في الحديث القدسي لو أن أولكم وآخركم وإنسكم وجنكم كانوا على أتقى قلب رجل واحد منكم ما زاد ذلك في ملك شيء.
يا عبادي لو أن أولكم وآخركم وإنسكم وجنكم كانوا على أفجر قلب رجل واحد منكم ما نقص ذلك من ملك شيء أخرجه مسلم.
فوتبارك وتعالى لا تنفعه طاعة الطائعين ولا تضره معصية العاصين ولا يزيد في ملكه ذكر الذاكرين ولا ينقص من ملكه غفلة الغافلين.
لكنه لطفا منه تبارك وتعالى بعباده وأحسان يذكر من ذكره سبحانه وتعالى في الملأ الأعلى.
من ذكر الله في نفسه ذكره الله تبارك وتعالى في نفسه.
ومن ذكر الله في ملأ ذكره الله تبارك وتعالى في ملأ خير منهم.
وقد جاء في صحيح مسلم عن معاوية رضي الله عنه قال إن رسول الله صلى الله عليه وسلم خرج على حلقة من أصحابه فقال ما أجلسكم.
قالوا جلسنا نذكر الله ونحمده على ما هدانا للإسلام ومن به علينا.
قال آه الله ما أجلسكم إلا ذاك.
قالوا والله ما أجلسنا إلا ذاك.
قال أما إني لم أستحلفكم تهمة لكم ولكنه أتاني جبريل فأخبرني أن الله عز وجل يباهي بكم الملائكة.
يباهي الملائكة بالذاكرين.
يقول أنظروا إلى عبادي اجتمعوا لذكري اجتمعوا على شكري اجتمعوا على حمدي يباهي بهم الملائكة.
وفي صحيح مسلم من حديث أبي هريرة رضي الله عنه قال عليه الصلاة والسلام
مجتمع قوم في بيت من بيوت الله يتلون كتاب الله ويتدارسونه بينهم إلا نزلت عليهم السكينة
وغاشيتهم الرحمة وحفتهم الملائكة وذكرهم الله في من عنده.
فهذه منزلة رفيعة ودرجة عالية منيفة ينالها الذاكر لله عز وجل وهي أن الله تبارك وتعالى يذكره.
ولكن لتعلق النفوس بالدنيا أكثر فإن الواحدة من الناس إذا قمت بالعمل الفلاني
فإن الرئيس الفلاني سيذكرك بكذا وسيمدحك عند المسؤولين فإنه ينشط للعمل.
لكن ذكر الله الذي ننال به ذكر الله لنا نضعف عنه ولا ننشط للقيام به.
وهذا من تفريطنا وتقصيرنا وتضيعنا وإهمالنا وعدم إعطائنا لهذا الأمر حقه من العناية والإهتمام.
ومن فوائد الذكر وهو تابع لما قبله أن الذاكر ينال بذكره لله صلاة الله وملائكته عليه.
قال الله تعالى يا أيها الذين آمنوا ذكروا الله ذكرا كثيرا وسبحوه بكرة وأصيلا.
هو الذي يصلي عليكم وملائكته ليخرجكم من الظلمات إلى النور.
فهذه فائدا من فوائد الذكر وهو أن الذاكر ينال صلاة الله عليه وصلاة الملائكة.
أما صلاة الله عليه فهي ثناؤه عليه في الملأ الأعلى كما تقدم.
وأما صلاة الملائكة عليه فبدعائهم له.
وكلما عظم إيمان الشخص وزاد ذكره لله وقوي تمسكه بالخير زاد بذلك دعائهم له.
قال الله عز وجل الذين يحملون العرش ومن حوله يسبحون بحمد ربهم ويؤمنون به.
ويستغفرون للذين آمنوا.
ربنا وسعت كل شيء رحمة وعلما فاغفر للذين تابوا واتبعوا سبيلك وقهم عذاب الجحيم.
ربنا وأدخلهم جنات عدن التي وعدتهم ومن صلح من آبائهم وأزواجهم وذرياتهم إنك أنت العزيز الحكيم.
وقهم السيئات ومن تق السيئات يومئذ فقد رحمته وذلك هو الفوز العظيم.
هذا دعاء عظيم مبارك من الملائكة للمؤمنين الذاكرين لله المطيعين له الممتثلين لأوامره سبحانه وتعالى.
وهنا أيها الموفق سؤال قد يخطر على البال وهو ما الذي عطف هؤلاء الملائكة على المؤمنين وصاروا بهذه المنزلة عندهم وهي الإستمرار والمداومة على الدعاء للمؤمنين.
مع أن جنس الملائكة مختلف عن جنس البشر فالملائكة خلقوا من نوع والبشر خلقوا من طين فالجنس مختلف.
ومع ذلك عطف الله تبارك وتعالى الملائكة على المؤمنين وسبب ذلك وجود هذه الرابطة الوثيقة بين المؤمنين والملائكة وهي رابطة الإيمان بالله وذكره سبحانه وتعالى.
قال جل وعلا الذين يحملون العرش ومن حوله يسبحون بحمد ربهم ويؤمنون به.
يسبحون بحمد ربهم ويؤمنون به. هذه الرابطة التسبيح بحمد الله والإيمان به عز وجن.
فكلما عظم ذكر الإنسان لله وعظم حمده وعظم إيمانه زاد دعاء الملائكة له واستغفارهم له وسؤالهم الله تبارك وتعالى له بالتوفيق والسداد والجنة والنجاة من النار وغير ذلك من الأمور التي ذكرت في الآية الكريمة.
ومن فائد الذكر أنه سبب لحفظ اللسان. يقول العلماء إن اللسان إنما خلق للكلام فإذا لم يتكلم المسلم بخير وأعظم الخير ذكر الله تكلم بالشر والفساد.
ولهذا من يبس والإياذ بالله لسانه عن ذكر الله انطلق في كل فساد في الغيبة والنميمة والسخرية والاستهزاء والكذب والفحش ونحو ذلك.
فإذا يبس اللسان عن الذكر انطلق في الباطل. وإذا اشتغل بالذكر ذهب عنه الباطل. ولهذا ما حفظ اللسان ولا حصلت له الصيانة بمثل المحافظة على ذكر الله سبحانه وتعالى.
فذكر الله جل وعلا يصول لسان المرء ويحفظه من الوقوع في الغيبة والنميمة والسخرية والاستهزاء ونحو ذلك.
ومن فوائد الذكر انه علامة على عظم حب الذاكر لله. ولهذا يقال من احب شيء اكثر من ذكره. والمؤمن الصادق في ايمانه ليس شيء في قلبه اعظم من محبة الله المثمرة فيه كثرة الذكر له جل وعلا.
ومن فوائد الذكر انه يورث جلاء القلب من صدى. وصدأ القلب الغفلة والهوى وجلاءه الذكر والتوبة والاستغفار.
قال ابو الدرداء رضي الله عنه ان لكل شيء جلاء وان جلاء القلوب ذكر الله عز وجل. رواه البيهقي في شعبي الامان.
قال ابن القيم رحمه الله ولا ريب ان القلب يصدأ كما يصدأ النحاس والفضة وغيرهما وجلاءه بالذكر فانه يجلوه حتى يدعه كالمرآة البيضاء.
فاذا ترك الذكر صدأ فاذا ذكر جلاء.
ومن فوائد الذكر انه غراس الجنة فقد روت ترمذي في جامعه من حديث عبدالله بن مسعود رضي الله عنه قال رسول الله صلى الله عليه وسلم.
لقيت ليلة اسري بي إبراهيم الخليل عليه السلام.
فقال يا محمد اقرأ أمتك السلام.
واخبرهم ان الجنة طيبة التربة عذبة الماء وانها قيعان وان غراسها سبحان الله والحمد لله ولا اله الا الله والله اكبر.
وفي الترمذي من حديث ابو الزبير عن جابر عن النبي صلى الله عليه وسلم قال من قال سبحان الله وبحمده غرست له نخلة في الجنة.
والحاصل ان فوائد الذكر كثيرة وينظر في بصتها كتاب الوابن الصيب للعلامة ابن القيم رحمه الله.
وفي أبيات جميلة للعلامة عبد الرحمن ابن ناصر السعد رحمه الله جمع فيها رحمه الله جملة من فوائد الذكر وثماره.
يقول فيها فذكر إله العرش سرا ومعلنى.
يزيل الشقى والهم عنك ويطرد.
ويجلب للخيرات دنيا وآجلا وإن يأتك الوسواس يوما يشرد.
فقد أخبر المختار يوما لصحبه بأن كثير الذكر في السبق مفرد.
وصى معاذا يستعين إلهه على ذكره والشكر بالحسن يعبد.
وقوصى لشخص قد أتى لنصيحة وقد كان في حمل الشرائع يجهد.
بأن لا يزال رطبا لسانك هذه تعين على كل الأمور وتسعد.
وأخبر أن الذكر غرس لأهله بجنات عدن والمساكن تمهد.
وأخبر أن الله يذكر عبده ومعه على كل الأمور يسدد.
وأخبر أن الذكر يبقى بجنة وينقطع التكليف حين يخلد.
ولو لم يكن في ذكره غير أنه طريق إلى حب الإله ومرشد.
وينهى الفتا عن غيبة ونميمة وعن كل قول للديانة مفسد.
لكان لنا حظ عظيم ورغبة بكثرة ذكر الله نعم الموحد.
ولكن من جهلنا قل ذكرنا كما قل منا للإله التعبد.
ونسأل الله عز وجل أن يوفقنا أجمعين لكل خير.
وأن يصلح لنا شأننا كله إنه تبارك وتعالى سميع قريب مجيب.
وصل الله وسلم على عبده ورسوله نبينا محمد وآله وصحبه أجمعين.
والسلام عليكم ورحمة الله وبركاته.
"
https://www.alharamain.gov.sa/AudioDir2/95323.mp3,"بسم الله الرحمن الرحيم الحمد لله رب العالمين وأشهد أن لا إله إلا الله وحده لا شريك له وأشهد أن محمداً عبده ورسوله صلى الله وسلم عليه وعلى آله وصحبه أجمعين
أما بعد فهذه وقفات مع بعض الآيات الحاثة على ذكر الله قال الله تعالى فاذكروني أذكركم
في هذه الآية فضيلة عظيمة من فضائل الذكر أمر الله تبارك وتعالى فيها عباده بذكره ثم ذكر ثواب ذلك عنده والجزاء من جنس العمل هل جزاء الإحسان إلا الإحسان
فمن أحسن أحسن الله إليه وجزاه من جنس عمله قال اذكروني أذكركم ويقابل ذلك النسيان قال الله تعالى فيه نسوا الله فنسيهم ذكر بذكر ونسيان بنسيان
قد جاء معنا هذه الآية في السنة في قول النبي صلى الله عليه وسلم قال الله تعالى من ذكرني في نفسه ذكرته في نفسي ومن ذكرني في ملئ ذكرته في ملئ خير منهم
وهذا جزاء من جنس العمل وأي ثواب أجل وأي مكانة أعظم من أن يحظى العبد المؤمن بذكر الله تبارك وتعالى له في الملأ الأعلى عند الملائكة الكرام الأطهار البرارة
وقد جاء في صحيح مسلم عم معاوية رضي الله عنه قال خرج علينا رسول الله صلى الله عليه وسلم ونحن حلقة جلوس في المسجد نتذاكر فقال ما أجلسكم أي من الذي أجلسكم في المسجد قلنا جلسنا نذكر الله وما من الله علينا به
فقال عليه الصلاة والسلام آ الله ما أجلسكم إلا ذلك يستحلفون بالله قلنا والله ما أجلسنا إلا ذلك أي ما أجلسنا إلا الذكر لله ومدارسة الإسلام وامور الدين ومسائل الشرع
فقال عليه الصلاة والسلام أما والله إني لم أستحلفكم تهمة لكم أي لم أطلب منكم الحلف لأني أتهمكم بكذب ولكن أتاني جبريل آنفا فأخبرني أن الله يباهي بكم ملائكة وهذا هو معنى قوله فاذكروني أذكر
إذا ذكرت الله عز وجل في نفسك ذكرك الله في نفسه وإذا ذكرت الله عز وجل في ملئٍ ذكرك الله في ملئٍ خير منهم وهذا من عاجل بشرى الذاكر أن يحضى بهذه المنزلة العظيمة أن يذكره الله تبارك وتعالى في الملئ الأعلى
وأيضا مثل هذا ما جاء في صحيح مسلم عن أبي هريرة رضي الله عنه قال قال عليه الصلاة والسلام مجتمع قوم في بيت من بيوت الله يتلون كتاب الله ويتدارسونه بينهم إلا نزلت عليهم السكينة وغشيتهم الرحمة وحفتهم الملائكة وذكرهم الله في من عنده
ثم إن ذكر العبد لربه محفوف بذكرين من ربه له ذكر قبله به صار العبد ذاكرا لله وذكر بعده صار العبد مذكورا فذكر الرب لعبده نوعا نوع قبل ذكر العبد لربه ونوع بعده
وقال تعالى ولذكر الله أكبر وهذه الآية فيها أن ذكر الله عز وجل هو أفضل الأعمال وأكبرها وهو أكبر من كل شيء أي ذكر الله لكم أكبر من ذكركم له في عبادتكم وصلواتكم وهو ذاكر من ذكره
قال معناه ابن مسعود وابن عباس وابو الدردا وابو قرة وسلمان والحسن واختاره ابن جرير الطبري وقيل ذكركم الله في صلاتكم وفي كراءة القرآن أفضل من كل شيء قال ابن زيد وقطاده ولا ذكر الله أكبر من كل شيء أي أفضل من العبادات كلها بغير ذكر
وقيل المعنى أن ذكر الله أكبر مع المداومة من الصلاة في النهي عن الفحشاء والمنكر قال شيخ الإسلام ابن تيمية رحمه الله
الصحيح أن معنى الآية أن الصلاة فيها مقصودان عظيمان وأحدهما أعظم من الآخر فإنها تنهى عن الفحشاء والمنكر وهي مجتملة على ذكر الله ولما فيها من ذكر الله أعظم من نهيها عن الفحشاء والمنكر انتهى كلامه رحمه الله
والطاعات كلها إنما شرعت لإقامة ذكر الله وهو مقصود العبادات ولبها وروحها قال صلى الله عليه وسلم إنما جعل الطواف بالبيت وبين الصفا والمروة ورمي الجمار لإقامة ذكر الله رواه أبو داود
قيل لسلمان أي الأعمال أفضل قال أما تقرأ القرآن ولذكر الله أكبر ويشهد لهذا المعنى حديث أبي الدردا رضي الله عنه قال النبي صلى الله عليه وسلم ألا أنبئكم بخير أعمالكم وأزكاها عند مليككم وأرفعها في درجاتكم وخير لكم من انفاق الذهب والورق
وخير لكم من ان تلقوا عدوكم فتضربوا أعناقهم ويضربوا أعناقكم قالوا بلى قال ذكر الله تعالى قال معاد ابن جبل رضي الله عنه ما شيء انجى من عذاب الله من ذكر الله
وقال الله تعالى يا أيها الذين آمنوا ذكروا الله ذكرا كثيرا وسبحوه بكرة وأصيلا هو الذي يصلي عليكم وملائكته ليخرجكم من الظلمات إلى النور وكان بالمؤمنين رحيمة تحيتهم يوم يلقونه سلام وأعد لهم أجرا كريمة
فهذه الآية فيها الأمر بذكر الله عز وجل بالكثرة ولها نظائر في القرآن ويأتي أيضا في القرآن آيات فيها مدح لهاؤلاء قال الله تعالى والذاكرين الله كثيرا والذاكرات أعد الله لهم مغفرة وأجرا عظيمة
فههنا أمر زائد على مجرد الأمر بالذكر وهو الأمر بذكر الله بالكثرة بأن تكون مكثرا من ذكر الله كثير الذكر لله تبارك وتعالى لا يكون ذكرك لله قليلا والله جل وعلا ذما المنافقين بهذا قال تعالى ولا يذكرون الله إلا قليلا
وذكر الله تبارك وتعالى بالكثرة يترتب عليه أجور عظيمة وأفضال كريمة منها ما ذكر في الآية المتقدمة هو الذي يصلي عليكم وملائكته ليخرجكم من الظلمات إلى النور وكان بالمؤمنين رحيمة تحيتهم يوم يلقونه سلام وأعد لهم أجرا كريمة
فهذه كلها من ثمرات الإكثار من ذكر الله أن يصلي رب العالمين عليه وصلاته تبارك وتعالى على عبده المؤمن ذكره له في الملأ الأعلى على المعنى الذي تقدم معنا
وصلات الملائكة عليه أي بطلب ذلك له ثم يترتب على ذلك ما جاء في قوله ليخرجكم من الظلمات إلى النور وكان بالمؤمنين رحيمة
فوسبب مبارك لخروج العبد من الظلمات إلى النور وسبب عظيم في علو درجته عند الله سبحانه وتعالى ثم يحظى برحمة الله الخاصة بعبده المؤمن وكان بالمؤمنين رحيمة
فهذه كلها فضائل عظيمة وثمار وأثار للإكثار من ذكر الله تبارك وتعالى فقوله هو الذي يصلي عليكم وملائكته فيه أعظم الترغيب في الإكثار من ذكر الله وأحسن حظ على ذلك
أي أنه سبحانه يذكركم فاذكروه أنتم وهو نظير قوله سبحانه وتعالى فاذكروني أذكركم واشكروني ولا تكفرون
فالمكثرون من ذكر الله لهم الحظ الأوفر والنصيب الأكمل من ذكر الله لهم وصلاته عليهم وملائكته
رويا عن بن عباس رضي الله عنه ما في معنى الآية أنه قال فإذا فعلتم ذلك أي أكثرتم من ذكر الله صلى الله عليكم هو وملائكته
ومن صلى الله عليه وملائكته فقد أفلح كل الفلاح وفاز الفوز المبين
وقال الله تعالى والذاكرين الله كثيرا والذاكرات أعد الله لهم مغفرة وأجر عظيمة في هذه الآية ذكروا ما أعده الله تبارك وتعالى للذاكرين الله كثيرا والذاكرات من المغفرة والأجر العظيم
وهذه فضيلة من فضائر الذكر وثمرة عظيمة من ثماره ومثلها الحديث المشهور الذي قال فيه عليه الصلاة والسلام هذا جمدان سبق المفردون
فقال الصحابة ومن المفردون يا رسول الله قال الذاكرون الله كثيرا والذاكرات فمدحهم وأثنى عليهم بالسبق بأنهم السباقون للخيرات الحائزون على أعلى المقامات ورفيع الدرجات
ومن يتأمل هذه النصوص وغيرها من النصوص الكثيرة الواردة في بيان عظيم أجر الذاكرين الله كثيرا والذاكرات وجزيل ثوابهم
وما أعد الله لهم من النعيم المقيم والثواب الكبير يوم القيامة تتحرك نفسه شوقا وطمعا ويهتز قلبه حبا ورغبا في أن يكون من هؤلاء أهل هذه المقامات الرفيعة والمنازل العالية ولكن بما ينال العبد ذلك
وهذا سؤال عظيم يجدر بكل مسلم أن يقف عنده وأن يعرف جوابه وقد جاء عن السلف في معنى الذاكرين الله كثيرا والذاكرات نقول عديدة منها ما روي عن ابن عباس رضي الله عنهما أنه قال
المراد يذكرون الله في أدبار الصلوات وغدوا وعشيا وفي المضاجع وكل ما استيقظ من نومه وكل ما غدا أو راح من منزله ذكر الله
وقال مجاهد لا يكون من الذاكرين الله كثيرا والذاكرات حتى يذكر الله قائما وقاعدا ومضطجعا
وقال عطى من صلى الصلوات الخمس بحقوقها فهو داخل في قوله والذاكرين الله كثيرا والذاكرات
ومن صفة هؤلاء الصلاة من الليل فقد روا أبو داود وابن ماجة والحاكم وغيرهم بإسناد صحيح صححه الحاكم والذهبي والنووي والعراقي وغيرهم من حديث أبي السعيد القدري رضي الله عنه
قال قال رسول الله صلى الله عليه وسلم إذا أيقظ الرجل أهله من الليل فصل يا أو صلى ركعتين جميعا كتبا من الذاكرين الله كثيرا والذاكرات
وقد سئل أبو عمر بن الصلاح فيما نقله النووي رحمه الله عنه في كتابه الأذكار عن القدر الذي يصير به العبد من الذاكرين الله كثيرا والذاكرات
فقال إذا واضب على الأذكار المأثورة المثبتة صباحا ومساءا في الأوقات والأحوال المختلفة ليلا ونهارا وهي مبينة في كتاب عمل اليوم الليلة كان من الذاكرين الله كثيرا والذاكرات
ويقول الشيخ العلامة عبد الرحمن بن ناصر السعدي رحمه الله تعالى وأقل ذلك أن يلازم الإنسان أو راد الصباح والمساء وأدبار الصلوات الخمس وعند العوارض والأسباب
وينبغي مداومة ذلك في جميع الأوقات على جميع الأحوال فإن ذلك عبادة يسبق بها العامل وهو مستريح وداع إلى محبة الله ومعرفته وعون على الخير وكف اللسان عن الكلام القبيح
ونحن نتحدث عن هذا كلام رحمه الله جعلنا الله أجمعين من الذاكرين الله كثيرا والذاكرات من الذين أعد الله لهم مغفرة وأجر عظيمة إنه سميع قريب مجيب
وصلى الله وسلم على عبده ورسوله نبينا محمد وآله وصحبه أجمعين والسلام عليكم ورحمة الله وبركاته
"
https://www.alharamain.gov.sa/AudioDir2/95379.mp3,"بسم الله الرحمن الرحيم
الحمد لله رب العالمين وأشهد أن لا إله إلا الله وحده لا شريك له
وأشهد أن محمداً عبده ورسوله صلى الله وسلم عليه وعلى آله وصحبه أجمعين
أما بعد فلا نزال في وقفات مع الآيات الحاثة على ذكر الله
يقول الله عز وجل يا أيها الذين آمنوا ذكروا الله ذكراً كثيراً
ويقول سبحانه فإذا قضيتم مناسككم فاذكروا الله كذكركم آباءكم أو أشد ذكرة
ويقول سبحانه الذين يذكرون الله قياماً وقعوداً وعلى جنوبهم
ويقول تعالى والذاكرين الله كثيراً والذاكرات أعد الله لهم مغفرة وأجراً عظيمة
فأمر تعالى في هذه الآيات بذكره بالكثرة وذلك لشدة حاجة العبد إلى ذلك وافتقاره إليه أعظم الافتقار
وعدم استغنائه عنه طرفة عين فأي لحظة خل فيها العبد عن ذكر الله كانت عليه لا له
وكان خسرانه فيها أعظم مما ربح في غفلته عن الله وندم على ذلك عند لقاء الله سبحانه وتعالى
بل قد ثبت عن النبي صلى الله عليه وسلم كما في شعب الإيمان للبيهق والحلية لأبي نعيم
من حديث أم المؤمنين عائشة رضي الله عنها أنه صلى الله عليه وسلم قال
ما من ساعة تمر بابن آدم لا يذكر الله تعالى فيها إلا تحسر عليها يوم القيامة
وقول الله عز وجل الذين يذكرون الله قياما وقعودا وعلى جنوبهم ويتفكرون في خلق السماوات والأرض
ربنا ما خلقت هذا باطلا سبحانك فقنا عذاب النار هذا وصف لأولي الألباب أولي العقول الراجحة الزكية الطيبة
قال الله عز وجل إن في خلق السماوات والأرض واختلاف الليل والنهار لآيات لأولي الألباب
كأنه قيل منهم ومحليتهم ومصفتهم قال الذين يذكرون الله قياما وقعودا وعلى جنوبهم
ويتفكرون في خلق السماوات والأرض ربنا ما خلقت هذا باطلا سبحانك فقنا عذاب النار
فأهل العقول الزكية والقلوب الطيبة هذا شأنهم
يتفكرون في خلق السماوات والأرض ويعلمون بهذا التفكر الجميل أنها لم تخلق باطلا
ولم توجد عبثا وإنما خلقت وأوجدت لأمر عظيم وخطب جليل ألا وهو أن يعبد الله وأن يخص بالعبادة
وأن يخضع له ويذل خشوعا وركوعا وسجودا ثم ذكر حليتهم
قال الذين يذكرون الله قياما وقعودا وعلى جنوبهم
وهذا وصف لهم بأنهم يذكرون الله في كل أحوالهم
كما جاء في وصف النبي عليه الصلاة والسلام بذلك في الحديث أنه كان يذكر الله في كل أحيانة
أي قائما وقاعدا ومتجعا
فالآية دليل على أن من صفة أولي الألباب ومن حليتهم ذكر الله بالكثرة وفي كل حالة
يذكرون الله متجعين ويدكرون الله قاعدين ويدكرون الله قائمين
فهم في كل أحوالهم ذاكرين لله تبارك وتعالى
عن مجاهد رحمه الله قال لا يكون العبد من الذاكرين الله كثيرا حتى يذكر الله قائما وقاعدا ومتجعا
وليس في الأعمال شيء يعم الأوقات والأحوال كلها مثل الذكر
فالذكر مع المرء في جلوسه وفي سفره وفي حله وفي ترحاله وفي مرضه وفي ضرائه وسراءه
وفي شدته ورخاءه وفي ثراشه عندما يأوي لينام فالذكر مع المسلم في كل أحواله
وأيضا الآية فيها دلالة على أن ذكر الله والعناية به والمواضبة عليه أكبر عون للعبد على زوال الغفلة عنه
وعلى تحقق التفكر في خلق السماوات والأرض فالذكر إذا وجد زالت الغفلة
وإذا زالت الغفلة حصل للعبد التذكر والتبصر في آيات الله وفي مخلوقاته
بخلافي أكثر الناس الذين يمرون بآيات الله العظام الباهرة وهم عنها معرضون لا تؤثر فيهم ولا تحرك فيهم ساكنا ولا كأنها تعنيهم بشيء
وهذا كله بسبب تراكم الغفلة فإذا كان العبد من الذاكرين الله تبارك وتعالى فإن ذكره لله يفتح له باب التفكر في مخلوقات الله العظيمة
مما يكون سببا في زيادة إيمانه وقوة يقينه وحسن صلته بالله
وقول الله تعالى فإذا قضيتم مناسككم فاذكروا الله كذكركم آباءكم أو أشد ذكرة هذه الآية فيها الأمر بذكر الله بالكثرة
قد جاء في الحديث عن النبي صلى الله عليه وسلم أن من حج ولم يرفث ولم يفسق رجع من ذنوبه كيوم ولدته أمه
أي نقي من الذنوب والآثام فحال من كان هذا شأنه قد خرج من هذه الطاعة العظيمة التي من الله عليه بها ويسرها له
ويسرها له أن يكون كثيرا ذكر لله لا أن يكون من الغافلين ولهذا ليس من علامات الخير أن يغفل الإنسان عن ذكر الله ولا سيما عقب هذه الطاعة الكبيرة وأمثالها من الطاعة
وهذا فيه دليل على أن ذكر الله كما أنه روح العبادة ومقصودها فكذلك ينبغي أن تتوج به العبادة وتختم به ويكثر على إذرها
هذا إضافة إلى ما فيه من فائدة ونفع للمسلم فإن فيه إشارة إلى أن العبد لم يملم العبادة الله فلهذا كلما ختم طاعة من الطاعة لهج بذكر الله بالكثرة مما يدل على شدة الرغبة وعظيم الحرص وقوة العزيمة في العناية بعبادة الله سبحانه وتعالى
فوذكر الله في الطاعات الكبار المأمور بها فرائض الإسلام ثم أيضا يختمها بالإكثار من ذكر الله ليكون ذلك حافظا له وحافزا له على لين العبادات وسهولتها ويسرها علي مما يستقبله من طاعات آتية وعبادات قادمة
أما ختم الصيام به ففي قول الله عز وجل ولي تكمل العدة أي عدة الصيام ولي تكبر الله على ما هداكم ولعلكم تشكرون
وأما ختم الحجبة فقد تقدم في قوله فإذا قضيتم مناسيككم فاذكروا الله كذكركم آباءكم أو أشد ذكراء
وأما ختم الصلاة به ففي قوله فإذا قضيتم الصلاة فاذكروا الله قياما وقعودا وعلى جنوبكم وأما ختم الجمعة به ففي قوله فإذا قضيت الصلاة فانتشروا في الأرض وابتغوا من فضل الله واذكروا الله كثيرا لعلكم تفلحون
وكما أن الذكر خاتمة الطاعات فينبغي أيضا أن يكون خاتمة الحياة وإذا كان آخر كلام العبد من الدنيا لا إله إلا الله دخل الجنة
وقال الله عز وجل يا أيها الذين آمنوا لا تلهكم أمالكم ولا أولادكم عن ذكر الله ومن يفعل ذلك فأولئك هم الخاسرون
فيها نهي الله عن الغفلة عن ذكره بأي أمر لا بالأمال والتجارات ولا بالبيع والشراء وما إلى ذلك ولا أيضا من شغال الإنسان بأولاده وبيته ومصالحين الخاصة لا تلهكم أمالكم ولا أولادكم عن ذكر الله
خص هذه الأمرين بالذكر لكونهما أكثر ما يشغل الإنسان عن ذكر الله ولهذا قال الله تعال في آية أخرى إنما أمالكم وأولادكم فتنى فالمال فتنى والولد فتنى
وهم شغل للإنسان عن ذكر الله إلا من حفظه الله وأعانه ولهذا جاء النهي هنا عن أن يلهي المر ماله أو ولده عن ذكر ربه لا تلهكم أمالكم ولا أولادكم عن ذكر الله
وقد وردت هذه الآية في سورة المنافقون والمنافقون وصفهم الله عز وجل في سورة أخرى بقوله ولا يذكرون الله إلا قليلا
ولأجل ذلك قال العلماء إن ذكر هذه الآية التي فيها نهي العبد عن الغفلة عن ذكر الله في هذه السورة التي خصت بأوصاف المنافقين وأعمالهم والتحذير من النفاق فيه حكمة وهي الإشارة إلى أن الإكثار من ذكر الله عز وجل أمان من النفاق
ولهذا قال علي رضي الله عنه لما سئل عن الخوارج قيل أمنافقونهم قال المنافقون لا يذكرون الله إلا قليلا فذكر الله بالكثرة من فوائده العظيمة أنه أمان من النفاق لأن الله عز وجل وصف المنافقين بأنهم لا يذكرون الله إلا قليلا
أي ذكرهم لله قليل وقوله ومن يفعل ذلك فأولئك هم الخاسرون فيه الإخبار عن خسران من لها عنه بغيره فمن لها عن الذكر بالتجارة أو لها عن الذكر بالأولاد فهو خاسر
الحاصل أن إقبال المر على أمر المال ومصلحة الأولاد والأنس بهم لا حرج فيه ولا بأس ولا مضرة فيه لكن بقيد أن لا يكون ذلك على حساب طاعة الله وذكره وشكره وحسن عبادته
أن لا يطع على ذلك وإنما يكون أمره في ذلك بأن يعطي كل الذي حق حقه ويضع الأمور في مواضعها ولا يجعل شيء يطع على شيء
ولا شك أن من أعظم الحرمان وأشد الخسران أن تطع عناة المر بالمال والولد على طاعة الله وذكره وشكره سبحانه وتعالى
ومما يوضح خطورة هذا الأمر ويبينه الحديث الصحيح الذي يقول فيه عليه الصلاة والسلام يتبع المية ثلاثة أهله وماله وعمله فيرجع اثنان أهله وماله ويبقى واحد عمله رواه النساء
فلا يدخل مع الإنسان في قبره إلا العمل سواء كان صالحا أو طالحا ولا يعني هذا ترك المال والتجارة وترك طلب الرزق وترك العاية الأولاد والأنس بهم
وإنما المراد أن لا تشغل هذه الأشياء المر عن ذكر الله ويقام الصلاة والقيام بطاعة الله
ويقول الله عز وجل إليه يصعد الكلم الطيب والعمل الصالح يرفعه
هذه الآية فيها دلالة على فضيلة الكلم الطيب ومكانته والكلم الطيب هو ذكر الله عز وجل
والعمل الصالح يرفعه أن يرفع الكلم الطيب فلا بد منهما فلا يكتف بأحدهما دون الآخر
بل لا بد من الأقوال الزاكية التي هي ذكر الله ودعاؤه ولا بد من الأعمال الصالحة المقربة إلى الله
ولهذا الدين والإيمان قول عمل أقوال مباركة وعمال صالحة يتقرب بها المسلم إلى الله
وفي الآية تنبيهاني مهمان الأول يتعلق بالكلم ألا وهو أن ليس كل كلم يقبل وإنما الذي يقبل الكلم الموصوف بأنه طيب
ولا سبيل إلى معرفة الكلم أهو طيب أو ليس بطيب إلا من خلال الشارع الحكيم بالتعويل على كلام الله وكلام رسوله عليه الصلاة والسلام
فليس كل ذكر لله يقبل أي كانت صفته وأي كانت طريقته وإنما الذي يقبل من الذكر ما كان طيبا
والطيب من الذكر إنما يعلم من كتاب الله وسنة نبيه عليه الصلاة والسلام
فهذا فيه التنبيه على أهمية التعويل على الكتاب والسنة في الذكر والدعاء
الأمر الثاني في قوله والعمل الصالح يرفعه فليس كل عمل يقبل بل لا يقبل إلا إذا كان صالحا
قال والعمل الصالح وصف العمل بالصلاح فالعمل لا يقبل إلا إذا كان صالحا
وصلاح العمل من عدمه إنما يعرف من طريق الكتاب والسنة
هذا وأسأل الله عز وجل أن يوفقنا أجمعين لكل خير وأن يصلح لنا شأننا كله وأن يهدينا إليه سراطا مستقيمة إنه سميع قريب مجيب
وصلى الله وسلم على عبده ورسوله نبينا محمد وآله وصحبه أجمعين والسلام عليكم ورحمة الله وبركاته
"
https://www.alharamain.gov.sa/AudioDir2/105148.mp3,"بسم الله الرحمن الرحيم
الحمد لله رب العالمين
ولا عدوانا إلا على الظالمين
ونصلي ونسلم على المبعوث
رحمة للعالمين
نبينا محمد عليه أفضل الصلاة
وتم التسليم
أما بعد أيها المستمعون
السلام عليكم ورحمة الله
وبركاته
لازلنا مع الأحكام المتعلقة بالصداق
وبعدما
تنتهي هذه الأحكام
وقد بقي منها القليل
لانتقل إلى
الوليمة
وحكام الوليمة
وهم يتعلق بها
فإلى الكتاب
بسم الله والصلاة والسلام
على رسول الله
قال المؤلف
رحمه الله
ويجب مهر المثل
لمن وطئت
بشبهة أو زنا
كره
قوله لمن وطئت
بشبهة
كمن وطي امرأة
يظنها زوجته
أو مملكته
قال في المغني
بغير خلاف نعلمه
وقال الشيخ
وينبغي انه
ان أمكنا
ان يكون في وطئ
الشبهة مسمى
فيكون هو الواجب
تنبيه
هذه المشألة
المعلوم
ان الصداق
يجب
للمرأة اذا كان النكاه
صحيحا والعقد صحيح
لكن هذه المسألة
التي سمعتم
اذا كان
رجل وطئ
امرأة شبهة
وطيها شبهة
مثال ذلك وطئ امرأة
يظنها زوجته
يظنها زوجته
فتبينت انها
غير زوجته وانها اجربية
ما الذي يجب لها
يجب لها مهر المثل
يجب لها مهر
المثل كما تقدم
كما تقدم مهر المثل ما هو
يعني مهر مثيلاتها
التي يمثلنها
في القرابة
قربة الأم والأب أو في قربة
العصبة أو في
المواصفات التي
يتصف بها النساء
هذه المسألة ليس فيها
خلاف
المسألة هذه ليس فيها خلاف
ان المرأة اذا
وطيت شبهة
ولم يكن لها مسمة
لم يكن مسمة
لكن كيف يكون لها مسمة
وقد وطيت بشبهة
اذا وطيت المرأة بشبهة
وجب على من وطيها
مهر المثل
هذه المسألة
الاولى
اذا وطيها من وطيت
زنى
ما الذي يجب لها
هل يجب لها شيء
هذه فيها تفصيل
اذا كان الوطو
المزن بها كره
يعني مكرهة فلاها ايضا مهر المثل
اذا كانت مكرهة
اما اذا كانت
مطاوعة
فليس لها
مهر المثل
لان الحلال لا يكون
في مقابل الحرام
وهذا سيأتي ان شاء الله
نعم
على المذهب
يتكرر المهر
بتكرر وطي شبهة
كما لو وطيها
ظنا انها
زوجته زينب
ثم وطيها
ظنا انها
زوجته فاطمة
واختار الشيخ انه
لا يجب
اذا كانت مهر واحد
اذا هذه المسألة
الذي يشار
اليها المعلق بالتمبيه
ما هي
يعني اذا كان
وطي الرجل امرأة عدة مرات
شبهة
وطيها وتكرر عليها الوطن
لكن شبهة
يعني يظنها زوجته
كما لو كان الرجل
زوجتان
هذه تسمى فاطمة وهذه
زوجته زوجته
فطيها على انها
فاطمة
ثم وطيها مرة اخرى على انها
زوجته وهو لا يعلم
في هذه الحال
الصحيح من مذهب الحنابلة
ان صداء ان مهر المثل
يتكرر بتكرار الوطن
يتكرر
بتكرار الوطن
لكن ابن تيمية
رحمه الله تعالى
يقول لا يتكرر المهر
الوحيد
فكيف يتكرر في كلها مهر المثل
لان
المال
الذي وجب على
الواطي
يعني مهر الوحيد
والموطو امرأة واحدة
فيكلها مهر الوحيد
هكذا قال ابن تيمية
وقول ابن تيمية وجيه
رحمه الله تعالى
قوله اوزنا كره
لعموم قوله
لعموم نهيه عليه السلام
لها المهر بما استحل
من فرجها
وعنه لا مهر لها
وبه قال
ابو حديفا
وهو اختيار الشيخ
تقي الدين
لعموم نهيه عليه السلام
عن مهر البغي
ولانه
مال في مقابلة
محرم
فيكون سحتا
يجب للبكر
خاصة اختاره
ابو بكر
اذا للمام احمد
رحمه الله تعالى له ثلاث الويات
في هذه المشألة
فيما اذا
وطيت امرأة زينة
اذا وطيت وهي مطاوعة
ليش لها مهر
وهذا ليش فيه خلاف
لكن لو وطيت
كرها اكرهها
على الزينة رجل
والعياذ بالله
قليل العبادة
وقليل وضعيف التقوى
وطيئها كرها اكرهها
على ذلك
هل يجب لها مهر المثل
او لا يجب لها مهر المثل
ثلاث الويات في مذهب
الامام احمد
الاولى وهي المشهورة
في المذهب ان لها
مهر المثل
لان مطوأ بكرهة
لعموم الحديث
الحديث
الذي سبق
معنا
الحديث يقول فلها
المهر بما استحل من فرجها
او بما اصاب من فرجها
وهذا عام
لكن يكون
في اللكاحة الصحيح
اذا كان
وطيت بشوبها
او على الاكراه
في الزينة
هذا بالنسبة
للرواية الاولى
الرواية الثانية ليس لها
شيء
ليس لها شيء
حتى لو وطيت بكرهة
هذه الرواية تقول ليس لها شيء
وهذه الرواية
اختارها ابن تيمية رحمه الله
وطيبان
لماذا قال يسلها شيء
لان الحديث
الحديث الصحيح
نهى عن مهر البغي
الزاني يعني
لكن حقيقة تخصيصها
بالاكراه
وانها قد اكرهت
هذا يخصص الحديث
فيما يظهر لي
والله تعالى علم
اذا هذا الحديث
نهى عن مهر البغي
على هذا ليس لها
مهر المثل
اذا وطيت بشوبها
مكرهة
وكذلك قالوا
اذا وطيت بكرهة
وكذلك قالوا
الجنة محرم
و لا
يعني يدفع
الحلال مقابل الحرام
هكذا قالوا
وهذا القول قال به
ابو حنيفة
ورواية علماء محمد
ورواية الثالث علماء محمد
ان الموطوء
اذا كانت مكرهة
ويبكر لها مهر
المثل
تعويضا
عن ما حصل لها من النقص
البكر وهو فضل بكارة
فهذا
ما يمكن ان يفصل
في هذه المسألة والذي
يظهر الله تعالى عالم
انها اذا وطيت مكرهة
البكر
وهو الرواية المشهورة
والمذهب ان لها
مهر المثل والعلم عند الله تعالى
نعم
يستثنى من قوله قرها
اذا وطيت مطاوعة
فان مهرها
لا يسقط
بل هو لسيدها
نعم الامة
تستثنى من هذا
من قولي من التعميم الشابق
في المسألة اذا وطيت مكرهة
اذا وطيت مكرهة
يستثنى به
هذا العموم
في اللفظ الامة
اذا وطيها
وهي مكرهة
اذا كانت مطاوعة
ففي هذه الحال
لا يسقط
المهر
لماذا
لانه حق لسيدها
فيكون
على الواطئ
مهر المثل
و لا يجب معه
ارش بكارة
وللمرأة
منع نفسها حتى
تقبل
ارش بكارة
اذا كانت المطوعة بكر
زالت البكارة
فهل اذا قلنا بان
لها مهر المثل
هل يجب معه
ارش البكارة
لا ليس
الامر كذلك
لان المبسود
مهر المثل مقابل الوطن
و عما ارش البكارة
فليس لها مقابل
و ليس لها ضابط
يضبط به
ارش البكارة
فهذه المشألة
كما تبين
نعم
و للمرأة منع نفسها
حتى تقبل صداقها
الحال حكاه
ابن المنذر اجماعا
و قال في الانصاف
وهذا بلا نزاع
بين الاصحاب
يعني هذه المشألة
المشألة
يعني
مدلول هذه المشألة
او ما اتطملت
هذه المشألة
ان المهر ينقص
إلى قسمين
مهر حال و مهر مؤجل
مهر حال
و مهر مؤجل
طيب المهر الحال
اذا تأخر
من وجب عليها المهر الحال
و لم يعني
يقدمه للمرأة
هل لها ان تمنع نفسها
حتى تقبل
نعم
لها ان تمنع نفسها حتى تقبل
الصداق الحال
و هذه المشألة لا خلاف فيها
هذه المشألة
مجمع عليها
لماذا
قالوا لان
المهر
مقابل
الاستمتاع بالمرأة
يعني عوض مقابل
فلها ان تمنع نفسها
حتى تقبل العوض
نعم
فإن كان مؤجلا
او حلى قبل
التسليم او سلمت
نفسها تبرعا
فليس له منعها
هذه ثلاث
مسائل هنا قال ماذا
قال
فإن كان مؤجلا
فإن كان مؤجلا
يعني الصداق مؤجل
في السابقة اذا كان الصداق حال
لكن هنا مؤجل
فحلى قبل التسليم
حلى مؤجل قبل
او ماذا
او حلى قبل التسليم
او سلمت نفسها
تبرعا
او سلمت نفسها تبرعا
ليس لياحد
لا ليس لياحد ان يعترض عليه
اذا سلمت نفسها تبرع
ماذا قال الحكم
فليس له منعها
ليس له منعها
يعني ليس
للزوج العاقد عليها
منعها اذا سلمت نفسها
اذا حلى المهر المؤجل
قبل التسليم
ففي هذه الحال
وسلمت نفسها
ليس له منعها
لان الحق لها
وقد اسقطت هذا الحق
فليس للزوج منعها
كذلك ليس للولي
منعها ايضا
لان الحق لها
اذا كانت امرأة رشيدة
جايزة التصرف
فان لها
ان تسلم نفسها
ولو لم يدفع لها
المعوة
او العوض
قوله او سلمت نفسها
تبرعا
سواء كان الامتناع
بعد الدخول او الخلوة
وهذا احد
وجهين وهو المذهب
والوجه الثاني
لها ذلك
اختاره ابن حامد
وهو قول ابي حنيفا
وهذا
ان شاء الله اولا
لانها
انما رضيت بتسليم
نفسها على
انه سيقبضها
صداقها فلما
لم يفعل كان لها
الامتناع
وعند مالك والشافع
ليس لها
الامتناع بعد الدخول
ولها الامتناع
بعد الخلوة
اذا هنا
هنا
الصداق يجب
كاملا بالدخول
وبالخلوة
هذا على قول
فقاء الحنافية
وفقاء الحنابلة
يجب المهرو كاملا
عند الدخول اذا دخل
وعند الخلوة اذا دخل
اذا دخل
طيب
هنا
هل لها
ان تسلم نفسها
قبل الدخول والخلوة
تبرعا
تبرعا نعم
قال الوجه الاول في مدهب الحنابلة
نعم لها ان تسلم نفسها
لان التبرع منها
وهي رشيدة
وليس لأحد الاعتراض
عليها في هذا الباب
والوجه الثاني
ليس لها
ليس لها
ليس لها ان تسلم نفسها
تبرعا
بعد الدخول والخلوة
حتى تقبل الصداق
قوله او سلمت
نفسها تبرعا
سواء كان
الامتناع بعد الدخول
او الخلوة
سواء كان الامتناع بعد
الامتناع من دفع الصداق
الحال بعد الدخول
او الخلوة
يعني
ليس لها نعم
سواء كان الامتناع
بعد الدخول
او الخلوة
يعني الامتناع
اذا امتناع الزوج
من دفع المهر
اذا امتناع من دفع المهر
بعد الدخول وبعد الخلوة
هل لها
ان تمنع نفسها اي ايضا
نعم
وهذا احد وجهين
وهو المذهب
والوجه الثاني
لها ذلك
اختاره ابن حامد
وهو قول ابي حنيفا
يعني لها ان تمنع نفسها
اذا امتناع من دفع المهر
بعد الدخول او الخلوة
الوجه الثاني لها ان تمنع نفسها
من
الزوج العاقد عليها
وهذا
ان شاء الله اولى
لانها انما
رضيت بتسليم نفسها
على انه
سيقبضها صداقها
فلما لم يفعل
كان لها الامتناع
كان لها الامتناع
من تسليم نفسها
وعند مالك
والشافعي
ليس لها الامتناع
بعد الدخول
ولها الامتناع
بعد الخلوة
هذا قول ثالث
القول الثالث لامام مالك
والامام الشافعي
رحمهم الله
وهو التفشيل
قال بعد الدخول
يعني الوطن
ليش لها
الامتناع
بعد ما وافقت على التشريم
ثم كان
الامتناع من التشريم المهر
ليش لها الامتناع
من تسليم نفسها
بعد الوطن
لكن لها انت من
عن نفسها إذا كان بعد الخلوة
لأن الخلوة مختلف فيها
هل يجب
يجب المهر بالخلوة أو لا يجب المهر بالخلوة
نعم
فإن أعصر بالمهر الحالة
فلها
الفسخ ولو بعد
الدخول ولا
يفسخه إلا حاكم
قال في الانصاف
والوجه الثاني
ليس لها الفسخ
بعد الدخول
قال في التصحيح في كتاب
النفقات المشهور
في المذهب لا
فسخ لها واختاره
المصنف وبن حامد
والمراد
بالتصحيح هو تصحيح الفروع
للشيخ المرداوي
إذا هنا
الزوج عشر
بالمهر
مثل عشر بالمهر
عشر بالنفق أيضا
يعني ما يستطيع
أن يدفع لها مهر
وقد دخل بها
ما هو الحكم
الحكم خلاف في المسألة
الأول أن لها
الفسخ
لها المطالبة بالفسخ
وإن كان قد دخل بها
لأن المهر عوض
والمعوض هو أنها تسلم نفسها
لمقابل هذا العوض
ولم يحصل
إذا لها أن تطالب بالفسخ
لكن لا يفسخه
إلا حاكم
لا يفسخ النكاح
إذا عشر بالمهر
أو عشر بالنفقة
إلا الحاكم الشرعي
لماذا
لأن هذه المسألة
تحتاج إلى اجتهاد
ولا يعرف
لا يعرف
ضوابط الاجتهاد
إلا الحاكم الشرعي
فليس لي واحد من عامة
الناس أن يفسخ النكاح
عقل النكاح إذا
عشر الزوج بالمهر
أو النفقة
أما المهر أو النفقة
أعد
فإن عشر بالمهر الحالة
فلها
الفسخ ولو بعد
الدخول
المهر
مهم بالنسبة
للعوض المعوض
ولا يفسخه
إلا حاكم
قال في الانصاف
والوجه الثاني
ليس لها الفسخ بعد الدخول
ليس لها الفسخ بعد الدخول
لماذا
ليس لها الفسخ بعد الدخول
هذا حقيقة فيه
اشكال
لأنها انما سلمت
لها
بعد الدخول
بناء على أن
زوج
يستطيع دفع المهر
والحالة انه لم يستطيع
إذا لها المطالبة بالفسخ
والقول الأول هو
الأقرب للصواب والله تعالى أعلم
ما بو وليمة
العرسة
إذا إلى هنا
انتهت الأحكام
المتعلقة بالصداق
والمتعلقة
بعقد النكاح أيضا
لكن هنا
باب الوليمة
اسمعوا الأحكام المتعلقة بالوليمة
فائدة
الأطعم التي يدعى
إليها الناس عشرة
انتبهوا للأطعم التي يدعى
إليها الناس كم عشرة
عشرة
وهي كالتالي لو أولا
الوليمة وهو طعام
العرس
هذا الاسم المتعرف عليه
عند العرب
الوليمة هو الطعام
الذي يعد
لمناسبة الزواج
هذا يسمى وليمة
وسيأتي الحكم المتعلق به
يعني هل تجب
إجابة الدعوة
هل يدعى إليها
وهل تجب إجابة الدعوة
أو أنها تجب بشرط
سيأتي إن شاء الله
الثاني الحذاق
وهو الطعام
عند حذاق الصبي
الطعام الحذاق
الثاني ما هو الحذاق
يعني الطعام
إذا كان الصبي
حاذقا يعني ذكي
ويفهم
بعد السبع سنين
بعد ما يعني يبلغ سبع سنين
وهذا سن التمييز
هذا يسمى الحذاق
طفل حاذق
طفل ذكي
طفل فاهم
يعني وليمة
لشكرا لله عز وجل
على أن يكون
على أن كان هذا الطفل حاذق
الثالث العذيرة
والأعذار
لطعام الختان
العذيرة هو الأعذار
هذا
الثالث
الطعام الذي يصنع
عند ختان الصبي
هذا يسمى العذيرة
نعم
الرابع الخرصة
والخرص لطعام
الولادة
الخرصة هذا طعام الولادة
بالنسبة للمرأة
يعني يدفع عليها طعام
ويعرف عنده العرب الخرصة
نعم
الخامس الوكيرة
لدعوة البناء
أي المسكن المتجدد
الوكيرة
الوكيرة
والمعلومية
هذه كلها لا تجب
وليس في عدم
وجوبها الخلاف
إلا الوليمها الأولى
الوكيرة ما هي الوكيرة
هي التي يعملها
من
اسس سكن جديد
فيعمل هذه الوكيرة
ولا يعل له يعني
يريد الشكر لله عز وجل
نعم
السادس النقيعة لقدوم الغائب
النقيعة هذه السادسة
لقدوم الغائب
إذا قدم الغائب
القريب الغائب من السفر
يعني تعمل هذه النقيعة
ولعلها مباب الشكر
أيضا نعم
السابع العقيقة
عن المولود المتجدد
ويقال لها
باللغة العامية
تميمة
العقيقة يعني
إذا أورد للرجل مولود
فإنه يسن أن يعق عنه
عن الذكر
اثنتان
وعن الأنث واحدة
هذه السمى العقيقة
العقيقة ويسن كما
سيأتي إن شاء الله تعالى نعم
الثامن المأدبة
وهو كل دعوة
لسبب كانت
أو غيره
المأدبة عمل فلان مأدبة
أي يعني هذه المأدبة
سواء كانت لسبب أو لغيره
قد يكون كريم
قد يكون يعني لسبب من الأسباب
هذه تسمى مأدبة
ويدعو الناس عليها
الداسع الوظيمة
وهو طعام المأتم
الوظيمة
طعام المأتم
الذي يوضع
عند فقد قريب
المأتم الوظيمة
تسمى وظيمة نعم
العاشر التحفة
وهو طعام
الطعام القادم
التحفة
وهو طعام القادم
على كل حال ينبغي
أن يعلم
أن هذه
الأقسام ليس
عليها دليل
من كتاب الله
ولا من سنة رسول عليه الصلاة والسلام
إلا الأولى
والعقيقة
أيضا
أما البقي بقي
المسميات
فالذي يظهر الله تعالى
علم أنها من باب العرف
يعني سميت بهذه المسميات
من باب العرف نعم
تسن بشات
فأقلى
هذا مما اجمع عليه
لحديث أنس
قال ما أولم
النبي صلى الله عليه وسلم
على شيء
من نسائه
ما أولم على زينب
أولم بشات
متفق عليه
ولفظه للبخار
وليقوله عليه السلام
لعبد
الرحمن بن عوف
أولم ولو بشات
متفق عليه
من حديث أنس
ورواه الخمسة
أيضا
هذه المشأة
يعني
صنع الوليمة
للعرس
أو للزواج
هذه صنع الوليمة
سنة
وعقل ما
يكون شات
أقل ما تكون
الوليمة للزواج
شاه
لحديث أنس
حديث متفق على صحتها
خرج البخاري ومسلم
وغيرهما من أصحاب
الكتب الستة
قال
أنس رضي الله عنه
وتعلمون أن أنس
خدم النبي صلى الله عليه وسلم
عشر سنين
قال ما أولم رسول الله صلى الله عليه وسلم
على شيء من نسائه
وقال على أحد من نسائه
كما أولم على زينب
كما أولم على زينب
بشات واحدة
يعني ضبح شات واحدة
وكذلك
قصة زواج عبدالرحمن
الملعوف
النبي صلى الله عليه وسلم قال بارك الله لك
أولم ولو بشة
أولم ولو بشة
الحديث صحيح
على هذا
يعني من صنع
أو من أراد
من تزوج
وراد أن يبني ويدخل
يولم
ولو بشات واحدة
لكن ما يفعل
الآن في بعض
أو عند بعض المسلمين
من المبالغة في هذا
الأمر هذا مباب الاسراف يا إخوان
النبي صلى الله عليه وسلم يقول أولم
أولم بشات
أو أولم بشات
لكن الاسراف
في الطعام
والاسراف في ذبح البهايم
لا يجوس
لأن الله عز وجل يقول إنه لا يحب
المسرفين
فيمبغن
يعني يعلم الحكم
لكن يعلم أيضا
ما يترتب على الحكم
وتجب في أول مرة
إجابة مسلم
انتبه هنا
انتبه هنا
المصنف
المسألة السابقة قال
يسنو ولو بشة
ويسنو ولو بشة
لكن الإجابة ما حكمها
إجابة الدعوة
فيها تفصيل
إذا توفرت
شرائط الوجوب وجبت
وإذا لم تتوفر شرائط الوجوب
فإنها لا تجب
إما أن تكون سنة وتكون محرمة
وسيتي الكلام الآن
إن شاء الله
وتجب في أول مرة
إجابة مسلم
يحرم هجره إليها
إن عينه
إذا هنا انتبه هنا
ماذا قال
يقول تجب
في أول مرة
إجابة الدعوة لوليمة العرس
تجب لأول مرة
يعني للمرة الثانية إذا دعى مرة الثانية
لا تجب
ولمرة الثالثة كذلك
لكن المرة الأولى
تجب
الدعوة
لكن بشرط
انتبه لشرط ماذا قال
ماذا قال
وتجب في أول مرة
وبه قال مالك والشافعين
مالك والشافعين
وأحمد
قالوا
تجب الإجابة لوليمة العرس
لأول مرة
لكن بشرط
لذلك شروط
لحديث ابن عمر
لإجابة مسلم
يحرم هجره
إليها
إذا كان الداعي مسلم
إذا كان الداعي مسلم
فإن
الإجابة
يعني يدعي مسلم
يحرم هجره
لا يجوز
أن يهجره
المدعو
لأن هجر المسلم حرام
لا يجوز
إذا تجب
لأول مرة لإجابة الدعوة
ودعوة
المسلم الذي يحرم
هجره
وبهذا القول
قال الأيمة الثلاثة
مالك والشافعي
وأحمد
الحاشية
وبه قال مالك
والشافعي لحديث ابن عمر
رضي الله عنهما
قال
صلى الله عليه وسلم
إذا دعي
أحدكم إلى وليمة
فليأتها
متفق عليه
إذا هنا النص
ماذا يقول
إذا دعي أحدكم
لوليمة فليأتها
هذا أمر
والأمر للوجوب
والأمر للوجوب
وإنما قيد العلماء
لأول مرة
لأن
أقل ما يقع
عليه الإسم مرة واحدة
أقل ما يقع عليه الإسم
مرة واحدة
إذا تجب
إجابة الدعوة
الأولى
مرة الأولى
تجب إجابة الدعوة
لهذا الحديث
الحديث الصحيح المتفق على صحته
إذا دعي أحدكم
للوليمة فليجب
نعم أو فليأتها
وفي لفظ لمسلم
إذا دعي أحدكم
إلى وليمة عرس
فليجب
أمر نعم
وعن أبي هريرة مرفوعا
شر الطعام
طعام الوليمة
يمنعها من يأتيها
ويدعى
إليها من يأباها
ومن لم يجب
الدعوة فقد عصى
الله ورسوله
هنا الشاهد
يعني الوجوب
ومن لم يجب الدعوة فقد عصى
الله ورسوله
لكن إذا كانت سيأتي
إذا كانت الدعوة خالية من المنكرات
إذا كانت الدعوة حاضرة
خالية من المنكرات
أو فيها منكرات ويستطيع
المدعو التغيير
وسيأتي إن شاء الله الآن
نعم
واللفظ لمسلم ورواه أيضا مالك
وأبو داود تنبيه
اشترت لإجابة
الدعوة شروط
ستة
إذا قلنا أو قال
الجمهور إجابة
إذا الدعوة اليول مرة واجبة
إذا كان الداعي مسلما يحرم مهاجره
طيب
لكن الوجوب
هذا بشروط
الوجوب الذي قاله الجمهور
بشروط
اسمعوا هذه الشروط
الأول أن يكون ذلك في اليوم الأول
أن يكون ذلك
في اليوم الأول
هذا الوجوب هنا
يعني ذا دعاه في اليوم الثاني
لا يجب عليه الحضور
كذلك
وإنما الوجوب في اليوم الأول
الثاني أن يكون
الداعي مسلما
الشرط الثاني لوجوب
الحضور بعد أن يكون
في اليوم الأول
أن يكون الداعي مسلم
أما إذا كان
ذمي أو
غيره من الكفار
فلا يجوز دعوته
إلا الذمي في خلاف
لا تجب الإجابة
إلا الذمي في خلاف
الثالث ألا يحرم
هجره
ألا يحرم
هجره
إذا كان
يحرم هجر الداعي
يحرم هجره لكونه مثلا صاحب معصية
أو صاحب
بدعا
المهم إذا كان يحرم
هجره
إذا دعا
لا يجب على المدعو أن يجيب دعوته
الرابع أن يعينه
بالدعوة
الشرط الرابع
أن يعين الداعي
يعين المدعو بالدعوة
يعينه يقول يا فلان
تأتي
الى الدعوة وادعوك
الى وليمة العرس في كذا
يعينه تعيين
أما إذا كانت الدعوة
دعوة الجفلة
دعوة الجفلة يعني عمة
الناس فلا يجب علي إن شاء
لا يجب علي
الحضور
لقول الشاعر
نحن في المشتاة ندعو الجفلة
لا ترى الآدب فينا ينتقل
نعم
الخامس
لا يكون ثمة منكر
ولا يقدر على
إزالته
كما تقدم
لا يكون ثمة
منكر
فإن كان ثمة منكر
الحضور
لا تجيب إجابة الدعوة
ولا يجيب إجابة الدعوة
إلا إذا كان يستطيع
أن ينكر المنكر
ويستطيع أن يزيله المدعو
فحين إذن
له أن يعني
أو يجب أن يحضر
السادس أن يكون
مكسبه طيبا
أن يكون مكسب الداعي
طيب
السادس يكون مكسب
مكسب الداعي طيب
أما إذا كان مكسبه حرام
المكسب التي
يعني يكتسبها
من طرق محرمة فلا يجوز
أن تجاب دعوته
والإجابة إلى
وليمة العرس مستحبة
على الأصح
عند أبي حنيفة
وهو اختيار
الشيخ تقي الدين
يعني يا أبو حنيفة خالف
الجمهور فيقول
إجابة الدعوة إلى
وليمة العرس مستحبة
وليست واجبة
مستحبة وليست واجبة
والدليل
والدليل السابق
المتقدم أمر
والأصر في الأمر الوجوب
وقول
بن تيمية هذا وهو الاستحباب
اختاره الشيخ
بن تيمية أحمد بن عبد الحليم
رحمه الله تعالى
تتمة
تسن
وليمة العرس
بعقد النكاح
وقال الشيخ بالدخول
وقال
وليمة العرس الآن
هل
يسن أن تقام
بالعقد إلى عمر العقد
أو بالدخول
خلاف
في هذه المشألة
خلاف في هذه المشألة
والآن إن شاء الله سيذكر الخلاف نعم
خلاف الانصاف
قلت الأولى
أن يقال وقت الاستحباب
موسع
من عقد النكاح
الى انتهاء أيام العرس
لصحة الأخبار
في هذا
وكمال السرور بعد الدخول
ولكن قد جرت
العادة بفعل ذلك
قبل الدخول
بيسير
هذا كلام المردوي
وهو أحد
فقهى الحنابلة
وهو أحد فقهى الحنابلة
ويسمى
ويعرف
هذا المردوي رحمه الله
تعالى بفقه
المذهب
فأعيد ماذا قال
وقال في الانصاف
قلت الأولى
قلت الأولى
أن يقال
وقت الاستحباب
موسع
من العقد الى انقضاء
أيام العرس
موسع
من عقد النكاح
الى انتهاء أيام العرس
لصحة الأخبار
في هذا
هذا الدليل عنده المردوي رحمه الله تعالى
لصحة الأدلة في هذا
وكمال السرور بعد الدخول
ولكن قد جرت
العادة
بفعل ذلك
وعد الدخول بيسير
لكن
الان عند بعض
المسلمين
وعض الوساطة الاسلامية
فيه امر مخالف للشرة
وهو
انهم يعملون الوليمة
مرتين
الوليمة الأولى للشبكة
للتعرف على العروس
والتلبيس
انا ما ادري ايش يلبسها
وثانيا حفل الزواج
وهذا مخالف للشرة
ما فيه الا وليمة واحدة
فقط
لماذا الوليمة الأولى
الشبكة والوليمة الثانية
التي تكون عند العرس
ديننا يا اخوة توقيفي
الدين الاسلامي توقيفي
لا يقال فيه
بحكم ولا يفتفيه بحكم
الا بناء على نص شرعي
والنص شرعي لا يوجد
في هذا الباب ان
الزواج تتكون مرتين
اولى وثانية
قوله ولم يكن
ثم منكر
في اسئلة شبكة
اذا
نتوقف
في هذه الامسية المباركة
الى هذا الحد
نسأل الله عز وجل
ان يوفقنا وياكم
الى كل قول
صالح وكل فعل
صالح ان
هو ليذلك والقادر عليه
ووفق الله الجميع
احسن الله
اليكم الشيخنا وبارك فيكم
وفي علمكم ونفعن الله بما قلتم
اولى
اسئلة هذه الليلة
يقول
هل وظيمة
هل يجوز
فعلها لانها
فيها تكلف على
اهل الميت
لا اسأل
الطريق الصحيح
ان الوظيمة لا تكن على اهل الميت
وانما تكون
على الجيران
اذا ارادوا ان يعملوها
لان النبي صلى الله عليه وسلم
قال اصنعوا لآل جعفر
حينما قتل جعفر
رضي الله عنه
اصنعوا لآل جعفر
طعاما فقد اصابهم
ما يشغله
فالا
اهل العرش
او اهل الميت
او قرابة الميت
الذي ينبغي ان
لا يعملون وظيمة
وانما تكون من الجيران
او تكون من
عامة الناس
الذين يأتون
لاكرام الضيف
لان غالبا
ان هذه الامور
وقت الوفاة
وقت الوظيمة يأتي
من خارج البلد
فيكون ضيوف على اهل الوظيمة
نعم
اذا يا شيخنا ما يفعل الان
من صنع
الطعام وكذلك
الاتيام بالصراضق
والاتيام بالكراء
كل هذا من البدعة
من البدعة لا شك ولا ريبة في ذلك
ولهذا ينبغي
ان يوضح
الامر لعوام الناس
لان المسؤولية على
طلاب العلم الذين يعرفون
حكم الشرعي
اما عوام الناس يجهلوا هذا الامر
لكن الله عز وجل يقول
فاسألوا اهل الذكر اذا كنتم لا تعلمون
فينبغي ان يوجه الناس
نعم
احسن الله اليكم يا شيخنا هذا السائل يقول
اتينا من بلاد بعيدة
للعمرة وفوجئنا
بكثرة التصوير في الحرمين
فهل من كلمة
التصوير يا اخوة
اسمعوا التصوير
لذوات الارواح لا يجوز
النبي صلى الله عليه وسلم ماذا يقول
يقول
يكلف كل مصور
يوم القيامة
يكلف كل مصور
ان ينفق
الروح
في الصورة التي صورها وليس بنافق
كيف يستطيع ان ينفق
الروح
في الروح التي صورها
و
حديث كثيرة تدل على تحريم
صورة تصوير
ذوات الارواح
اما الجمادات فيجوز
تصويرها
معلسة في الشديد يا اخوة
معلسة في الشديد
ان بعض الاخوة
وفقهم الله إلى كل خير
الذين يأتون للعمرة
يعني يكون مغرم
بالتصوير حتى انه يقف
وزوجته معه
وتصوره وهو يصلي
او تصوره وهو يدعو
هذا من الريا
وانتم تعلمون
ان الريا ينقسم
لاقسمين
الشرك ينقسم
الشرك ينقسم
شرك اكبر وهذا يحبط
كل العمال
الشرك الاكبر يحبط كل العمال
حتى مهما عمل الانسان
من عمل لا يتقبل
اذا كان معه شرك اكبر
لان الله جل وعلا يقول
وقدمنا الى ما عملوا من عمل
فجعلناه
حباء منثورة
ويقول الله جل وعلا
ولو اشركوا
لحبط عنهم ما كانوا يعملون
فالشرك الاكبر يحبط
لكن الشرك الاشغر
الريا
الريا يحبط
العمل الذي يدخلوا فيه
لا يحبط كل العمال
ولا يقضي على كل العمال
لكن يقضي على العمل
يقضي على العمل الذي يدخلوا فيه
فمثلا
الريا في الصلاة
هذا يقضي على
ثواب الصلاة
وفائدة الصلاة
لان الله طيب
لا يقبل الا طيب
او كان ايضا في قراءة القرآن
او كان في الدعاء
او كان يحبط العمل الذي يدخلوا فيه
لان الله جل وعلا يقول
يا ايها الذين آمنوا
لا تبطلوا صدقاتكم
لا تبطلوا صدقاتكم
بالمن والاذا
كالذي ينفق ماله رياء الناس
لا تبطلوا صدقاتكم
بالمن والاذا
كالذي ينفق ماله رياء الناس
احسن الله اليكم يا شيخنا
تذلك السؤال هذا
يتكرر يقول
المرور بين يدي المصلي
هل
لن انمنع المرور
في الحرمين
الادلها التي
وردت وفيها التشديد
والوعيد
على عدم المرور بين
يدي المصلي لم تفرق بين
الحرمين وبين غيرهما من المساجد
ولا شك انه
يعمل بالعموم حتى
يوجد المخصص
ولم يوجد المخصص في ما اعلم
اذا تبقى على العموم
لكن اعلموا
ان المصلي اذا كان يصلي
خلف الامام فسترة
الامام سترة للمؤمومين
لكن اذا كان يصلي مفلت
هذا هو الذي يحتاج
الى شترة
واذا مر
مأمار بين
يديه له ان يدفعه ويمنعه
احسن الله اليكم يا
شيخنا هذا السئل يقول
في الحديث
زمزم لما شربت له
فهل المقصود
عندما اقدم على
شرب الماء زمزم
يكون في كل مرة
مره انوي مره
شفاء مريضي ومره
رفع الجهل عن نفسي ومره
يعني انوي في كل مرة
نعم هذا الحديث
العموم يقصد هذا
انك كل ما شربت
وردت ان تشرب مما يجلجل
انت انوي به نية خاصة
ان كان للشبع للشبع
وان كان للري
وان كان لشفاء المريض
وان كان
المهم لما شرب له هذا عام
وانك تفي بهذا القدر
وفق الله الجميع
لما يحبه ويرضى
"